timestamp,keypresses,mousemoves,leftclicks,rightclicks,middleclicks
1791469939,370,5.89,32,0,0
1791470239,908,5.42,17,1,0
1791470539,411,10.97,42,0,0
1791470839,222,18.55,67,0,0
1791471139,100,5.74,20,0,0
1791471439,0,3.06,8,0,0
1791471739,0,0.00,0,0,0
1791472039,0,2.43,7,0,0
1791472339,3,2.50,7,0,0
1791472639,13,7.97,17,0,0
1791472939,0,2.47,3,0,0
1791473239,16,3.43,9,0,0
1791473539,0,0.84,1,0,0
1791473839,30,10.68,31,0,0
1791474139,83,2.09,11,0,0
1791474439,119,4.96,43,0,0
1791474739,534,10.59,38,0,0
1791475039,375,17.92,56,0,0
1791475339,192,23.24,51,2,0
1791475639,220,19.48,54,0,0
1791475939,70,10.11,50,0,0
1791476239,0,10.62,23,0,0
1791476539,57,15.21,80,0,0
1791476839,4,13.93,32,0,0
1791477139,90,10.99,53,0,0
1791477439,68,2.18,22,0,0
1791477739,84,10.64,38,1,0
1791478039,38,9.73,34,0,0
1791478339,3,9.16,41,0,0
1791478639,0,0.00,0,0,0
1791478939,0,0.00,0,0,0
1791479239,0,0.00,0,0,0
1791479539,424,2.14,7,3,0
1791479839,103,5.28,43,0,0
1791480139,281,3.39,25,0,0
1791480439,1130,2.05,10,0,0
1791480739,108,17.09,57,2,0
1791481039,204,13.60,36,0,0
1791481339,633,8.89,17,0,0
1791481639,257,16.66,60,0,0
1791481939,422,11.91,46,0,0
1791482239,421,12.91,47,2,0
1791482539,240,6.35,44,0,0
1791482839,183,18.72,53,0,0
1791483139,204,10.78,47,1,0
1791483439,237,8.85,54,0,0
1791483739,113,2.45,3,0,0
1791484039,189,5.69,33,0,0
1791484339,114,13.28,71,0,0
1791484639,125,9.46,42,0,0
1791484939,211,3.77,22,0,0
1791485239,72,8.20,34,0,0
1791485539,104,3.38,24,0,0
1791485839,241,5.42,26,0,0
1791486139,227,6.05,28,1,0
1791486439,0,0.00,0,0,0
1791486739,0,0.00,0,0,0
1791487039,0,0.00,0,0,0
1791487339,151,5.19,18,0,0
1791487639,374,6.50,64,0,0
1791487939,235,6.18,31,0,0
1791401664,74,12.47,30,0,0
1791401964,15,4.40,31,0,0
1791402264,0,2.03,26,0,0
1791402564,10,12.80,44,0,0
1791402864,1,11.66,44,0,0
1791403164,5,15.66,38,0,0
1791403464,0,0.00,0,0,0
1791403764,0,0.00,0,0,0
1791404064,0,0.00,0,0,0
1791404364,0,0.00,0,0,0
1791404664,0,0.00,0,0,0
1791404964,0,0.00,0,0,0
1791405264,1,4.92,7,0,0
1791405564,152,7.90,49,0,0
1791405864,186,8.04,50,0,0
1791406164,467,11.70,35,0,0
1791406464,561,10.61,51,0,0
1791406764,500,7.76,37,2,0
1791407064,346,3.18,58,0,0
1791407364,341,9.59,55,0,0
1791407664,28,0.67,36,0,0
1791407964,565,1.54,45,0,0
1791408264,436,0.75,8,0,0
1791408808,131,4.60,34,0,0
1791410355,0,0.00,0,0,0
1791410655,0,0.00,0,0,0
1791416382,10,6.79,22,0,0
1791439462,0,0.00,0,0,0
1791459698,0,0.00,0,0,0
1791464903,0,0.00,0,0,0
1791465236,0,0.00,0,0,0
1791465569,0,0.00,0,0,0
1791465906,0,0.00,0,0,0
1791466241,0,0.00,0,0,0
1791466577,0,0.00,0,0,0
1791466913,0,0.00,0,0,0
1791467238,0,0.00,0,0,0
1791467538,146,5.81,25,0,0
1791467839,520,6.50,21,0,0
1791468139,239,6.86,36,3,0
1791468439,192,9.44,38,0,0
1791468739,288,6.86,30,1,0
1791469039,0,0.00,0,0,0
1791469339,108,9.53,68,0,0
1791469639,195,8.81,45,0,0
cumulative,16530,655.85,2792,19,0
